{
    "101/1": [
        [
            0.8503521618542029,
            0.610321577018395,
            0.1851832687675602,
            0.5446906890344979
        ],
        [
            0.3939758408786489,
            0.5411482663963367,
            0.8521277073279863,
            0.6705684030381878
        ],
        [
            0.9750481176249816,
            0.05830878118831562,
            0.5709963979579425,
            0.3583363591083315
        ],
        [
            0.46910993200562934,
            0.9494730080909722,
            0.22021420038976935,
            0.46241643806912347
        ],
        [
            0.5312452336037063,
            0.35367885726395787,
            0.021315592891398838,
            0.624975665464612
        ],
        [
            0.2938080453547466,
            0.997187147871963,
            0.48086248137271437,
            0.6316530997383764
        ],
        [
            0.9163617312362131,
            0.7613310619893876,
            0.09639048008424889,
            0.2685034274628888
        ],
        [
            0.27603613906032487,
            0.07933241800804014,
            0.5875530940154821,
            0.28120809420693593
        ],
        [
            0.8802031463950953,
            0.20694560679466523,
            0.003395972610494069,
            0.951684097504578
        ],
        [
            0.4105135756312127,
            0.08322398383367224,
            0.6022023260493958,
            0.42234330652680063
        ],
        [
            0.6371304553376982,
            0.04760318099909244,
            0.8653170044105132,
            0.9259722607339164
        ],
        [
            0.4416074426221209,
            0.9273755187977099,
            0.5743082366135478,
            0.06593268806933428
        ]
    ],
    "101/2": [
        [
            0.9723152480747473,
            0.6573276235262535,
            0.9067359393172628,
            0.34482762359111907
        ],
        [
            0.14449100940016613,
            0.014878784269290901,
            0.23794823839469725,
            0.9076574754752242
        ],
        [
            0.31838116105198555,
            0.17144481888536578,
            0.8592083791034117,
            0.39570237395448893
        ],
        [
            0.29117446787642154,
            0.6685188247433678,
            0.9766203883058115,
            0.45675711622936954
        ],
        [
            0.861147180438616,
            0.6618280280705913,
            0.5922472224313132,
            0.6078393906392381
        ],
        [
            0.9198612909220306,
            0.5511753658987837,
            0.3630085795226231,
            0.7762637431267788
        ],
        [
            0.01313291033443753,
            0.05242907441118261,
            0.6974240191078463,
            0.9030697769761219
        ],
        [
            0.07181647149674442,
            0.26359304721797994,
            0.06053201237912653,
            0.9810662987309386
        ],
        [
            0.7327975906699646,
            0.3666026211582022,
            0.7346334526911144,
            0.8450040670300055
        ],
        [
            0.5495345628194379,
            0.804001637641397,
            0.7705897005902265,
            0.8511380430964589
        ],
        [
            0.7719837716090044,
            0.19083667472703392,
            0.2957383502367058,
            0.9172496581906776
        ],
        [
            0.7229780042295596,
            0.7174814898802363,
            0.27465560693854196,
            0.383153918522226
        ]
    ],
    "102/1": [
        [
            0.9867538351889844,
            0.5155595597889633,
            0.5563841104947014,
            0.9114972693843771
        ],
        [
            0.05886446737769302,
            0.7693563508191399,
            0.050175690130496164,
            0.01763265114156043
        ],
        [
            0.36193164791961785,
            0.13255173031039202,
            0.8596540673277041,
            0.3073470781606569
        ],
        [
            0.7971174256810275,
            0.41099416047499915,
            0.08728335395954168,
            0.8528159721390809
        ],
        [
            0.6761359883841163,
            0.7780523169801845,
            0.6611207021449522,
            0.6519731930036752
        ],
        [
            0.00844145274450181,
            0.6470604448652149,
            0.5149982336224168,
            0.43998034441611666
        ],
        [
            0.8815726513389172,
            0.7400579848128715,
            0.6352686815933204,
            0.012681950362801953
        ],
        [
            0.5802326131881282,
            0.5191217343907201,
            0.24237980639358359,
            0.6291202005988245
        ],
        [
            0.4646958489169217,
            0.2099445711675184,
            0.7352296913786214,
            0.1040933961616003
        ],
        [
            0.8864431159627035,
            0.33234800523939245,
            0.8160366912957367,
            0.802385141490221
        ],
        [
            0.3770184871136274,
            0.010148901517491704,
            0.07608203991690499,
            0.23166845129454894
        ],
        [
            0.07830894200934913,
            0.41797721889863027,
            0.3673937971567163,
            0.09887807634976853
        ]
    ]
}